{"learner":{"attributes":{"scikit_learn":"{\"_estimator_type\": \"regressor\"}"},"feature_names":["rcount","gender","dialysisrenalendstage","asthma","irondef","pneum","substancedependence","psychologicaldisordermajor","depress","psychother","fibrosisandother","malnutrition","hemo","hematocrit","neutrophils","sodium","glucose","bloodureanitro","creatinine","bmi","pulse","respiration","secondarydiagnosisnonicd9"],"feature_types":["int","int","int","int","int","int","int","int","int","int","int","int","int","float","float","float","float","float","float","float","int","float","int"],"gradient_booster":{"model":{"gbtree_model_param":{"num_parallel_tree":"1","num_trees":"10"},"iteration_indptr":[0,1,2,3,4,5,6,7,8,9,10],"tree_info":[0,0,0,0,0,0,0,0,0,0],"trees":[{"base_weights":[4.00005E0,2.9261856E0,6.512231E0,2.4863718E0,4.3236675E0,5.7219324E0,7.699227E0,6.9845384E-1,1.3903867E0,1.6632379E0,1.2434688E0,1.583062E0,1.8827295E0,2.1800685E0,2.488047E0],"categories":[],"categories_nodes":[],"categories_segments":[],"categories_sizes":[],"default_left":[0,0,0,0,0,0,0,0,0,0,0,0,0,0,0],"id":0,"left_children":[1,3,5,7,9,11,13,-1,-1,-1,-1,-1,-1,-1,-1],"loss_changes":[2.15803E5,3.4436875E4,2.2428688E4,1.4477156E4,2.9039531E3,3.5125938E3,2.3989375E3,0E0,0E0,0E0,0E0,0E0,0E0,0E0,0E0],"parents":[2147483647,0,0,1,1,2,2,3,3,4,4,5,5,6,6],"right_children":[2,4,6,8,10,12,14,-1,-1,-1,-1,-1,-1,-1,-1],"split_conditions":[2E0,1E0,4E0,1E0,9.7E0,3E0,5E0,6.9845384E-1,1.3903867E0,1.6632379E0,1.2434688E0,1.583062E0,1.8827295E0,2.1800685E0,2.488047E0],"split_indices":[0,7,0,12,13,0,0,0,0,0,0,0,0,0,0],"split_type":[0,0,0,0,0,0,0,0,0,0,0,0,0,0,0],"sum_hessian":[8E4,5.6045E4,2.3955E4,4.2631E4,1.3414E4,1.4384E4,9.571E3,3.9709E4,2.922E3,1.71E3,1.1704E4,7.981E3,6.403E3,5.548E3,4.023E3],"tree_param":{"num_deleted":"0","num_feature":"23","num_nodes":"15","size_leaf_vector":"1"}},{"base_weights":[2.800199E0,2.048419E0,4.558901E0,1.7405092E0,3.0267837E0,4.005594E0,5.3899465E0,4.7839502E-1,1.0641366E0,8.4091955E-1,1.1545581E0,1.125381E0,1.4449406E0,1.540519E0,1.8647014E0],"categories":[],"categories_nodes":[],"categories_segments":[],"categories_sizes":[],"default_left":[0,0,0,0,0,0,0,0,0,0,0,0,0,0,0],"id":1,"left_children":[1,3,5,7,9,11,13,-1,-1,-1,-1,-1,-1,-1,-1],"loss_changes":[1.0576456E5,1.6878484E4,1.09939375E4,1.1228336E4,2.4554219E3,2.9484844E3,1.982625E3,0E0,0E0,0E0,0E0,0E0,0E0,0E0,0E0],"parents":[2147483647,0,0,1,1,2,2,3,3,4,4,5,5,6,6],"right_children":[2,4,6,8,10,12,14,-1,-1,-1,-1,-1,-1,-1,-1],"split_conditions":[2E0,1E0,4E0,1E0,1E0,1E0,1E0,4.7839502E-1,1.0641366E0,8.4091955E-1,1.1545581E0,1.125381E0,1.4449406E0,1.540519E0,1.8647014E0],"split_indices":[0,7,0,4,0,7,7,0,0,0,0,0,0,0,0],"split_type":[0,0,0,0,0,0,0,0,0,0,0,0,0,0,0],"sum_hessian":[8E4,5.6045E4,2.3955E4,4.2631E4,1.3414E4,1.4384E4,9.571E3,3.9448E4,3.183E3,1.0547E4,2.867E3,1.0954E4,3.43E3,7.319E3,2.252E3],"tree_param":{"num_deleted":"0","num_feature":"23","num_nodes":"15","size_leaf_vector":"1"}},{"base_weights":[1.9602582E0,1.4339564E0,3.19148E0,1.3322645E0,3.466381E0,2.4923422E0,3.5406084E0,3.41198E-1,6.146294E-1,1.3292277E0,9.007693E-1,1.103665E0,6.968531E-1,1.4185344E0,1.0120424E0],"categories":[],"categories_nodes":[],"categories_segments":[],"categories_sizes":[],"default_left":[0,0,0,0,0,0,0,0,0,0,0,0,0,0,0],"id":2,"left_children":[1,3,5,7,9,11,13,-1,-1,-1,-1,-1,-1,-1,-1],"loss_changes":[5.1835625E4,1.1579031E4,5.8385625E3,7.4529844E3,1.1809746E3,1.5967734E3,3.1555469E3,0E0,0E0,0E0,0E0,0E0,0E0,0E0,0E0],"parents":[2147483647,0,0,1,1,2,2,3,3,4,4,5,5,6,6],"right_children":[2,4,6,8,10,12,14,-1,-1,-1,-1,-1,-1,-1,-1],"split_conditions":[2E0,2.9E1,3E0,1E0,9.7E0,9.7E0,9.7E0,3.41198E-1,6.146294E-1,1.3292277E0,9.007693E-1,1.103665E0,6.968531E-1,1.4185344E0,1.0120424E0],"split_indices":[0,17,0,0,13,13,13,0,0,0,0,0,0,0,0],"split_type":[0,0,0,0,0,0,0,0,0,0,0,0,0,0,0],"sum_hessian":[8E4,5.6045E4,2.3955E4,5.3376E4,2.669E3,7.981E3,1.5974E4,4.1962E4,1.1414E4,8.64E2,1.805E3,9.95E2,6.986E3,1.967E3,1.4007E4],"tree_param":{"num_deleted":"0","num_feature":"23","num_nodes":"15","size_leaf_vector":"1"}},{"base_weights":[1.3722734E0,1.0038264E0,2.2342126E0,2.0708191E0,8.572154E-1,2.144006E0,4.0612755E0,9.532058E-1,5.2265763E-1,1.9122805E-1,4.6879888E-1,5.8913183E-1,9.110424E-1,1.4729697E0,1.0943391E0],"categories":[],"categories_nodes":[],"categories_segments":[],"categories_sizes":[],"default_left":[0,0,0,0,0,0,0,0,0,0,0,0,0,0,0],"id":3,"left_children":[1,3,5,7,9,11,13,-1,-1,-1,-1,-1,-1,-1,-1],"loss_changes":[2.5404406E4,8.765656E3,3.9395547E3,2.4562852E3,7.639367E3,3.667836E3,3.771875E2,0E0,0E0,0E0,0E0,0E0,0E0,0E0,0E0],"parents":[2147483647,0,0,1,1,2,2,3,3,4,4,5,5,6,6],"right_children":[2,4,6,8,10,12,14,-1,-1,-1,-1,-1,-1,-1,-1],"split_conditions":[2E0,9.7E0,2.9E1,5.8333335E0,1E0,5E0,9.7E0,9.532058E-1,5.2265763E-1,1.9122805E-1,4.6879888E-1,5.8913183E-1,9.110424E-1,1.4729697E0,1.0943391E0],"split_indices":[0,13,17,21,7,0,13,0,0,0,0,0,0,0,0],"split_type":[0,0,0,0,0,0,0,0,0,0,0,0,0,0,0],"sum_hessian":[8E4,5.6045E4,2.3955E4,6.769E3,4.9276E4,2.283E4,1.125E3,1.548E3,5.221E3,3.7572E4,1.1704E4,1.8998E4,3.832E3,3.65E2,7.6E2],"tree_param":{"num_deleted":"0","num_feature":"23","num_nodes":"15","size_leaf_vector":"1"}},{"base_weights":[9.606689E-1,5.6340563E-1,1.4479283E0,3.321925E-1,1.1241785E0,2.5102506E0,1.3432757E0,7.851358E-2,4.5063296E-1,2.8898504E-1,5.971946E-1,9.5088655E-1,6.626746E-1,3.6536252E-1,7.3713374E-1],"categories":[],"categories_nodes":[],"categories_segments":[],"categories_sizes":[],"default_left":[0,0,0,0,0,0,0,0,0,0,0,0,0,0,0],"id":4,"left_children":[1,3,5,7,9,11,13,-1,-1,-1,-1,-1,-1,-1,-1],"loss_changes":[1.5485E4,5.713916E3,3.9911406E3,2.5728247E3,1.7917422E3,6.329863E2,4.5658047E3,0E0,0E0,0E0,0E0,0E0,0E0,0E0,0E0],"parents":[2147483647,0,0,1,1,2,2,3,3,4,4,5,5,6,6],"right_children":[2,4,6,8,10,12,14,-1,-1,-1,-1,-1,-1,-1,-1],"split_conditions":[1E0,1.3E1,5.8333335E0,7.15E0,1E0,9.7E0,7.133333E0,7.851358E-2,4.5063296E-1,2.8898504E-1,5.971946E-1,9.5088655E-1,6.626746E-1,3.6536252E-1,7.3713374E-1],"split_indices":[0,17,21,21,9,13,21,0,0,0,0,0,0,0,0],"split_type":[0,0,0,0,0,0,0,0,0,0,0,0,0,0,0],"sum_hessian":[8E4,4.4071E4,3.5929E4,3.1206E4,1.2865E4,3.22E3,3.2709E4,2.9434E4,1.772E3,1.0852E4,2.013E3,1.007E3,2.213E3,2.9401E4,3.308E3],"tree_param":{"num_deleted":"0","num_feature":"23","num_nodes":"15","size_leaf_vector":"1"}},{"base_weights":[6.7251986E-1,5.0412935E-1,1.3473783E0,4.214081E-1,1.4703236E0,1.1654001E0,1.81059E0,9.415553E-2,3.7046972E-1,6.1528677E-1,3.91229E-1,3.236659E-1,6.1698204E-1,4.9494976E-1,7.823777E-1],"categories":[],"categories_nodes":[],"categories_segments":[],"categories_sizes":[],"default_left":[0,0,0,0,0,0,0,0,0,0,0,0,0,0,0],"id":5,"left_children":[1,3,5,7,9,11,13,-1,-1,-1,-1,-1,-1,-1,-1],"loss_changes":[9.090613E3,5.1167275E3,1.3444941E3,5.160047E3,4.8463867E2,8.82292E2,5.7301074E2,0E0,0E0,0E0,0E0,0E0,0E0,0E0,0E0],"parents":[2147483647,0,0,1,1,2,2,3,3,4,4,5,5,6,6],"right_children":[2,4,6,8,10,12,14,-1,-1,-1,-1,-1,-1,-1,-1],"split_conditions":[3E0,1E0,1.3E1,1.44E1,5.8333335E0,1.65E1,2.9E1,9.415553E-2,3.7046972E-1,6.1528677E-1,3.91229E-1,3.236659E-1,6.1698204E-1,4.9494976E-1,7.823777E-1],"split_indices":[0,12,17,13,21,14,17,0,0,0,0,0,0,0,0],"split_type":[0,0,0,0,0,0,0,0,0,0,0,0,0,0,0],"sum_hessian":[8E4,6.4026E4,1.5974E4,5.8978E4,5.048E3,1.1471E4,4.503E3,5.2092E4,6.886E3,1.121E3,3.927E3,1.0458E4,1.013E3,3.75E3,7.53E2],"tree_param":{"num_deleted":"0","num_feature":"23","num_nodes":"15","size_leaf_vector":"1"}},{"base_weights":[4.7080997E-1,4.036457E-1,1.469467E0,1.6830222E-1,6.923617E-1,2.1575305E0,1.3647747E0,2.463702E-2,3.1588233E-1,1.854903E-1,4.3999895E-1,8.7529624E-1,5.657598E-1,3.776211E-1,5.913015E-1],"categories":[],"categories_nodes":[],"categories_segments":[],"categories_sizes":[],"default_left":[0,0,0,0,0,0,0,0,0,0,0,0,0,0,0],"id":6,"left_children":[1,3,5,7,9,11,13,-1,-1,-1,-1,-1,-1,-1,-1],